{"count":1,"self":15686.995148799999,"total":68998.2636641,"children":{"InitializeActuators":{"count":24,"self":0.0049889,"total":0.0049889,"children":null},"InitializeSensors":{"count":24,"self":0.010969099999999999,"total":0.010969099999999999,"children":null},"AgentSendState":{"count":2681808,"self":545.7792512,"total":18498.9775781,"children":{"GridSensor.Update":{"count":12872976,"self":14748.2624,"total":14748.2625921,"children":null},"CollectObservations":{"count":12872976,"self":24.525744,"total":24.525744399999997,"children":null},"WriteActionMask":{"count":12872976,"self":25.539728,"total":25.5397277,"children":null},"RequestDecision":{"count":12872976,"self":90.6755584,"total":3154.8702716999996,"children":{"AgentInfo.ToProto":{"count":12872976,"self":84.912217599999991,"total":3064.1947155,"children":{"GenerateSensorData":{"count":12872976,"self":691.9838208,"total":2979.2824995,"children":{"GridSensor.GetCompressedObservation":{"count":12872976,"self":2222.8109311999997,"total":2222.8109295,"children":null},"RayPerceptionSensor.Perceive":{"count":12872976,"self":64.4877632,"total":64.4877607,"children":null}}}}}}}}},"DecideAction":{"count":2681808,"self":34468.4888064,"total":34468.4878973,"children":null},"AgentAct":{"count":2681808,"self":256.8209152,"total":256.8209204,"children":null},"GridSensor.Update":{"count":57870,"self":70.3522752,"total":70.3522756,"children":null},"AgentInfo.ToProto":{"count":57870,"self":0.6468606,"total":16.6099434,"children":{"GenerateSensorData":{"count":57870,"self":3.9663896,"total":15.963082799999999,"children":{"GridSensor.GetCompressedObservation":{"count":57870,"self":11.679390399999999,"total":11.6793905,"children":null},"RayPerceptionSensor.Perceive":{"count":57870,"self":0.3173029,"total":0.3173029,"children":null}}}}}},"gauges":{"Seeker.CumulativeReward":{"count":28935,"max":2.92900014,"min":-6.999892,"runningAverage":1.001868,"value":0.04003215,"weightedAverage":0.09651522},"Hider.CumulativeReward":{"count":28935,"max":17.00008,"min":-2.787,"runningAverage":1.5170033,"value":5.87981033,"weightedAverage":3.83974743}},"metadata":{"timer_format_version":"0.1.0","start_time_seconds":"1649879482","unity_version":"2020.3.28f1","command_line_arguments":"C:\\Program Files\\Unity\\Hub\\Editor\\2020.3.28f1\\Editor\\Unity.exe -projectpath C:\\Users\\danie\\UnityProjects\\SearchNRescueFinal -useHub -hubIPC -cloudEnvironment production -licensingIpc LicenseClient-danie -hubSessionId 9643b4c0-b7a1-11ec-a807-1b506fab9f91 -accessToken 2xX1UgSn3gFf7EW6Q6g8ktt9x3DKJ_MrURVFFldUrtI012f","communication_protocol_version":"1.5.0","com.unity.ml-agents_version":"2.2.1-exp.1","scene_name":"AvS_SearchNRescue","end_time_seconds":"1649948480"}}