{"count":1,"self":370.7122432,"total":2010.8605375,"children":{"InitializeActuators":{"count":24,"self":0.0019947999999999997,"total":0.0019947999999999997,"children":null},"InitializeSensors":{"count":24,"self":0.023934499999999997,"total":0.023934499999999997,"children":null},"AgentSendState":{"count":68176,"self":13.9699744,"total":455.3604378,"children":{"GridSensor.Update":{"count":327264,"self":362.3088128,"total":362.30881439999996,"children":null},"CollectObservations":{"count":327264,"self":0.587727,"total":0.587727,"children":null},"WriteActionMask":{"count":327264,"self":0.650268,"total":0.650268,"children":null},"RequestDecision":{"count":327264,"self":2.2253428,"total":77.8436536,"children":{"AgentInfo.ToProto":{"count":327264,"self":2.0745752,"total":75.6183107,"children":{"GenerateSensorData":{"count":327264,"self":17.1349648,"total":73.5437355,"children":{"GridSensor.GetCompressedObservation":{"count":327264,"self":54.8158336,"total":54.8158336,"children":null},"RayPerceptionSensor.Perceive":{"count":327264,"self":1.5929375,"total":1.5929375,"children":null}}}}}}}}},"DecideAction":{"count":68176,"self":1175.9306752,"total":1175.9306500999999,"children":null},"AgentAct":{"count":68176,"self":8.1653864,"total":8.1653866,"children":null},"GridSensor.Update":{"count":528,"self":0.5587033,"total":0.5587033,"children":null},"AgentInfo.ToProto":{"count":528,"self":0.0051700999999999995,"total":0.10619419999999999,"children":{"GenerateSensorData":{"count":528,"self":0.016980099999999998,"total":0.10102409999999999,"children":{"GridSensor.GetCompressedObservation":{"count":528,"self":0.0820477,"total":0.0820477,"children":null},"RayPerceptionSensor.Perceive":{"count":528,"self":0.0019963,"total":0.0019963,"children":null}}}}}},"gauges":{"Seeker.CumulativeReward":{"count":264,"max":-1,"min":-1,"runningAverage":-1,"value":-1,"weightedAverage":-1},"Hider.CumulativeReward":{"count":264,"max":0.700002968,"min":0.700002968,"runningAverage":0.700002968,"value":0.700002968,"weightedAverage":0.700002968}},"metadata":{"timer_format_version":"0.1.0","start_time_seconds":"1649797358","unity_version":"2020.3.28f1","command_line_arguments":"C:\\Program Files\\Unity\\Hub\\Editor\\2020.3.28f1\\Editor\\Unity.exe -projectpath C:\\Users\\danie\\UnityProjects\\SearchNRescueFinal -useHub -hubIPC -cloudEnvironment production -licensingIpc LicenseClient-danie -hubSessionId 9643b4c0-b7a1-11ec-a807-1b506fab9f91 -accessToken 2xX1UgSn3gFf7EW6Q6g8ktt9x3DKJ_MrURVFFldUrtI012f","communication_protocol_version":"1.5.0","com.unity.ml-agents_version":"2.2.1-exp.1","scene_name":"AvS_SearchNRescue","end_time_seconds":"1649799369"}}