{"count":1,"self":1317.225984,"total":9686.8882512,"children":{"InitializeActuators":{"count":24,"self":0.0019947999999999997,"total":0.0019947999999999997,"children":null},"InitializeSensors":{"count":24,"self":0.0274454,"total":0.0274454,"children":null},"AgentSendState":{"count":208383,"self":70.4462848,"total":1882.45401,"children":{"GridSensor.Update":{"count":1000248,"self":1460.232704,"total":1460.2326678,"children":null},"CollectObservations":{"count":1000248,"self":2.4764095999999998,"total":2.4764095,"children":null},"WriteActionMask":{"count":1000248,"self":2.6353586,"total":2.6353586,"children":null},"RequestDecision":{"count":1000248,"self":10.2680144,"total":346.6632907,"children":{"AgentInfo.ToProto":{"count":1000248,"self":9.4886696,"total":336.3952763,"children":{"GenerateSensorData":{"count":1000248,"self":98.2330944,"total":326.9066067,"children":{"GridSensor.GetCompressedObservation":{"count":1000248,"self":217.31578879999998,"total":217.3157799,"children":null},"RayPerceptionSensor.Perceive":{"count":2000496,"self":11.3577304,"total":11.3577307,"children":null}}}}}}}}},"DecideAction":{"count":208383,"self":6368.5865472,"total":6368.5866467999995,"children":null},"AgentAct":{"count":208383,"self":28.5992608,"total":29.0592167,"children":{"GridSensor.Update":{"count":268,"self":0.36277319999999996,"total":0.36277319999999996,"children":null},"AgentInfo.ToProto":{"count":268,"self":0.0027156,"total":0.0971812,"children":{"GenerateSensorData":{"count":268,"self":0.025022899999999997,"total":0.0944656,"children":{"GridSensor.GetCompressedObservation":{"count":268,"self":0.0652539,"total":0.0652539,"children":null},"RayPerceptionSensor.Perceive":{"count":536,"self":0.0041887999999999995,"total":0.0041887999999999995,"children":null}}}}}}},"GridSensor.Update":{"count":46998,"self":71.425676799999991,"total":71.425674399999991,"children":null},"AgentInfo.ToProto":{"count":46998,"self":0.6171742,"total":18.105267299999998,"children":{"GenerateSensorData":{"count":46998,"self":5.2979264,"total":17.4880931,"children":{"GridSensor.GetCompressedObservation":{"count":46998,"self":11.645527999999999,"total":11.6455276,"children":null},"RayPerceptionSensor.Perceive":{"count":93996,"self":0.54463929999999994,"total":0.54463929999999994,"children":null}}}}}},"gauges":{"SearchNRescueCollab.CumulativeReward":{"count":47266,"max":0,"min":0,"runningAverage":0,"value":0,"weightedAverage":0}},"metadata":{"timer_format_version":"0.1.0","start_time_seconds":"1649738627","unity_version":"2020.3.28f1","command_line_arguments":"C:\\Program Files\\Unity\\Hub\\Editor\\2020.3.28f1\\Editor\\Unity.exe -projectpath C:\\Users\\danie\\UnityProjects\\SearchNRescueFinal -useHub -hubIPC -cloudEnvironment production -licensingIpc LicenseClient-danie -hubSessionId 9643b4c0-b7a1-11ec-a807-1b506fab9f91 -accessToken x462SpISaLyL5p-qjzRJy6WTGbCRnV7KFX3qEq2OOVI012f","communication_protocol_version":"1.5.0","com.unity.ml-agents_version":"2.2.1-exp.1","scene_name":"MAST_SearchNRescueCollab","end_time_seconds":"1649748314"}}